-- Insert sample devices (45 entries)
INSERT INTO devices (id, name, vendor, status, ip_address, mac_address, uptime) VALUES
('device-1', 'MacBook Pro', 'Apple', 'Online', '192.168.1.101', '00:1B:44:11:3A:B7', '5d 8h 30m'),
('device-2', 'Galaxy S21', 'Samsung', 'Online', '192.168.1.102', '00:1B:44:11:3A:B8', '2d 4h 15m'),
('device-3', 'XPS 13', 'Dell', 'Offline', '192.168.1.103', '00:1B:44:11:3A:B9', '0d 0h 0m'),
('device-4', 'Smart TV', 'Sony', 'Online', '192.168.1.104', '00:1B:44:11:3A:C0', '15d 12h 45m'),
('device-5', 'iPad Pro', 'Apple', 'Online', '192.168.1.105', '00:1B:44:11:3A:C1', '3d 6h 20m'),
('device-6', 'iPhone 13', 'Apple', 'Online', '192.168.1.106', '00:1B:44:11:3A:C2', '1d 15h 40m'),
('device-7', 'PlayStation 5', 'Sony', 'Offline', '192.168.1.107', '00:1B:44:11:3A:C3', '0d 0h 0m'),
('device-8', 'Echo Dot', 'Amazon', 'Online', '192.168.1.108', '00:1B:44:11:3A:C4', '30d 5h 15m'),
('device-9', 'Nest Thermostat', 'Google', 'Online', '192.168.1.109', '00:1B:44:11:3A:C5', '45d 8h 20m'),
('device-10', 'Ring Doorbell', 'Amazon', 'Online', '192.168.1.110', '00:1B:44:11:3A:C6', '25d 12h 10m'),
('device-11', 'Pixel 6', 'Google', 'Online', '192.168.1.111', '00:1B:44:11:3A:C7', '4d 6h 30m'),
('device-12', 'Surface Laptop', 'Microsoft', 'Offline', '192.168.1.112', '00:1B:44:11:3A:C8', '0d 0h 0m'),
('device-13', 'Xbox Series X', 'Microsoft', 'Online', '192.168.1.113', '00:1B:44:11:3A:C9', '2d 18h 45m'),
('device-14', 'Chromecast', 'Google', 'Online', '192.168.1.114', '00:1B:44:11:3A:D0', '12d 4h 15m'),
('device-15', 'Apple Watch', 'Apple', 'Online', '192.168.1.115', '00:1B:44:11:3A:D1', '5d 9h 30m'),
('device-16', 'Galaxy Tab', 'Samsung', 'Offline', '192.168.1.116', '00:1B:44:11:3A:D2', '0d 0h 0m'),
('device-17', 'Kindle', 'Amazon', 'Online', '192.168.1.117', '00:1B:44:11:3A:D3', '8d 15h 20m'),
('device-18', 'Roku TV', 'Roku', 'Online', '192.168.1.118', '00:1B:44:11:3A:D4', '20d 7h 45m'),
('device-19', 'HomePod', 'Apple', 'Online', '192.168.1.119', '00:1B:44:11:3A:D5', '15d 3h 50m'),
('device-20', 'Nest Camera', 'Google', 'Online', '192.168.1.120', '00:1B:44:11:3A:D6', '28d 11h 25m'),
('device-21', 'Galaxy Watch', 'Samsung', 'Online', '192.168.1.121', '00:1B:44:11:3A:D7', '6d 14h 15m'),
('device-22', 'Fire TV', 'Amazon', 'Offline', '192.168.1.122', '00:1B:44:11:3A:D8', '0d 0h 0m'),
('device-23', 'AirPods Pro', 'Apple', 'Online', '192.168.1.123', '00:1B:44:11:3A:D9', '2d 8h 40m'),
('device-24', 'Surface Pro', 'Microsoft', 'Online', '192.168.1.124', '00:1B:44:11:3A:E0', '9d 5h 55m'),
('device-25', 'Nest Hub', 'Google', 'Online', '192.168.1.125', '00:1B:44:11:3A:E1', '18d 9h 30m'),
('device-26', 'Galaxy Buds', 'Samsung', 'Online', '192.168.1.126', '00:1B:44:11:3A:E2', '1d 12h 15m'),
('device-27', 'Echo Show', 'Amazon', 'Online', '192.168.1.127', '00:1B:44:11:3A:E3', '22d 6h 40m'),
('device-28', 'MacBook Air', 'Apple', 'Offline', '192.168.1.128', '00:1B:44:11:3A:E4', '0d 0h 0m'),
('device-29', 'Pixel Tablet', 'Google', 'Online', '192.168.1.129', '00:1B:44:11:3A:E5', '7d 15h 20m'),
('device-30', 'Xbox Controller', 'Microsoft', 'Online', '192.168.1.130', '00:1B:44:11:3A:E6', '3d 8h 45m'),
('device-31', 'Smart Fridge', 'Samsung', 'Online', '192.168.1.131', '00:1B:44:11:3A:E7', '40d 12h 10m'),
('device-32', 'Ring Camera', 'Amazon', 'Online', '192.168.1.132', '00:1B:44:11:3A:E8', '16d 9h 25m'),
('device-33', 'Apple TV', 'Apple', 'Online', '192.168.1.133', '00:1B:44:11:3A:E9', '11d 7h 50m'),
('device-34', 'Nest Doorbell', 'Google', 'Offline', '192.168.1.134', '00:1B:44:11:3A:F0', '0d 0h 0m'),
('device-35', 'Surface Headphones', 'Microsoft', 'Online', '192.168.1.135', '00:1B:44:11:3A:F1', '4d 5h 15m'),
('device-36', 'Galaxy Z Fold', 'Samsung', 'Online', '192.168.1.136', '00:1B:44:11:3A:F2', '8d 11h 30m'),
('device-37', 'Echo Buds', 'Amazon', 'Online', '192.168.1.137', '00:1B:44:11:3A:F3', '2d 14h 45m'),
('device-38', 'iMac', 'Apple', 'Online', '192.168.1.138', '00:1B:44:11:3A:F4', '25d 8h 20m'),
('device-39', 'Chromecast Audio', 'Google', 'Offline', '192.168.1.139', '00:1B:44:11:3A:F5', '0d 0h 0m'),
('device-40', 'Xbox Elite Controller', 'Microsoft', 'Online', '192.168.1.140', '00:1B:44:11:3A:F6', '5d 12h 35m'),
('device-41', 'Galaxy SmartTag', 'Samsung', 'Online', '192.168.1.141', '00:1B:44:11:3A:F7', '13d 6h 50m'),
('device-42', 'Ring Floodlight', 'Amazon', 'Online', '192.168.1.142', '00:1B:44:11:3A:F8', '19d 9h 15m'),
('device-43', 'AirTag', 'Apple', 'Online', '192.168.1.143', '00:1B:44:11:3A:F9', '7d 4h 40m'),
('device-44', 'Nest Protect', 'Google', 'Online', '192.168.1.144', '00:1B:44:11:3A:FA', '33d 15h 25m'),
('device-45', 'Surface Dock', 'Microsoft', 'Offline', '192.168.1.145', '00:1B:44:11:3A:FB', '0d 0h 0m');

-- Insert sample system logs (45 entries)
INSERT INTO system_logs (id, timestamp, level, message) VALUES
('log-1', '2024-02-16 10:15:30', 'INFO', 'System startup completed successfully'),
('log-2', '2024-02-16 10:16:45', 'DEBUG', 'Network interface eth0 initialized'),
('log-3', '2024-02-16 10:17:30', 'WARNING', 'High CPU usage detected (85%)'),
('log-4', '2024-02-16 10:18:15', 'ERROR', 'Failed to establish database connection: timeout'),
('log-5', '2024-02-16 10:19:00', 'INFO', 'New device connected: MacBook Pro (192.168.1.101)'),
('log-6', '2024-02-16 10:20:30', 'DEBUG', 'DHCP lease renewed for device iPhone 13'),
('log-7', '2024-02-16 10:21:15', 'WARNING', 'Unusual network traffic detected from 192.168.1.105'),
('log-8', '2024-02-16 10:22:00', 'INFO', 'Firewall rules updated successfully'),
('log-9', '2024-02-16 10:23:45', 'ERROR', 'DNS resolution failed for domain example.com'),
('log-10', '2024-02-16 10:24:30', 'INFO', 'System update check completed'),
('log-11', '2024-02-16 10:25:15', 'DEBUG', 'Memory usage optimization completed'),
('log-12', '2024-02-16 10:26:00', 'INFO', 'Backup process initiated'),
('log-13', '2024-02-16 10:27:30', 'WARNING', 'Low disk space on /home partition (15% remaining)'),
('log-14', '2024-02-16 10:28:45', 'INFO', 'Network scan completed'),
('log-15', '2024-02-16 10:29:20', 'DEBUG', 'Cache cleared successfully'),
('log-16', '2024-02-16 10:30:00', 'ERROR', 'Failed to connect to update server'),
('log-17', '2024-02-16 10:31:15', 'INFO', 'SSL certificate renewed'),
('log-18', '2024-02-16 10:32:30', 'WARNING', 'Multiple failed login attempts detected'),
('log-19', '2024-02-16 10:33:45', 'DEBUG', 'Configuration file parsed successfully'),
('log-20', '2024-02-16 10:34:20', 'INFO', 'Scheduled maintenance started'),
('log-21', '2024-02-16 10:35:00', 'ERROR', 'Service restart failed'),
('log-22', '2024-02-16 10:36:15', 'INFO', 'New security policy applied'),
('log-23', '2024-02-16 10:37:30', 'DEBUG', 'Log rotation completed'),
('log-24', '2024-02-16 10:38:45', 'WARNING', 'Bandwidth threshold exceeded'),
('log-25', '2024-02-16 10:39:20', 'INFO', 'Device authentication successful'),
('log-26', '2024-02-16 10:40:00', 'DEBUG', 'Task scheduler initialized'),
('log-27', '2024-02-16 10:41:15', 'ERROR', 'Backup process failed'),
('log-28', '2024-02-16 10:42:30', 'INFO', 'System resources optimized'),
('log-29', '2024-02-16 10:43:45', 'WARNING', 'Temperature threshold exceeded'),
('log-30', '2024-02-16 10:44:20', 'DEBUG', 'Network routes updated'),
('log-31', '2024-02-16 10:45:00', 'INFO', 'Firewall policy updated'),
('log-32', '2024-02-16 10:46:15', 'ERROR', 'Authentication service unavailable'),
('log-33', '2024-02-16 10:47:30', 'DEBUG', 'System metrics collected'),
('log-34', '2024-02-16 10:48:45', 'WARNING', 'SSL certificate expiring soon'),
('log-35', '2024-02-16 10:49:20', 'INFO', 'Backup archive created'),
('log-36', '2024-02-16 10:50:00', 'DEBUG', 'Cache preload completed'),
('log-37', '2024-02-16 10:51:15', 'ERROR', 'Network connection lost'),
('log-38', '2024-02-16 10:52:30', 'INFO', 'System update available'),
('log-39', '2024-02-16 10:53:45', 'WARNING', 'Resource limit approaching'),
('log-40', '2024-02-16 10:54:20', 'DEBUG', 'Configuration backup created'),
('log-41', '2024-02-16 10:55:00', 'INFO', 'Security scan completed'),
('log-42', '2024-02-16 10:56:15', 'ERROR', 'Critical service stopped'),
('log-43', '2024-02-16 10:57:30', 'DEBUG', 'Performance metrics updated'),
('log-44', '2024-02-16 10:58:45', 'WARNING', 'Suspicious activity detected'),
('log-45', '2024-02-16 10:59:20', 'INFO', 'System shutdown initiated');

-- Insert sample audit logs (45 entries)
INSERT INTO audit_logs (id, timestamp, action, user) VALUES
('audit-1', '2024-02-16 10:15:30', 'User Login', 'admin'),
('audit-2', '2024-02-16 10:16:45', 'Network Settings Modified', 'admin'),
('audit-3', '2024-02-16 10:17:30', 'Device Added', 'admin'),
('audit-4', '2024-02-16 10:18:15', 'Firewall Rule Updated', 'admin'),
('audit-5', '2024-02-16 10:19:00', 'System Backup Created', 'system'),
('audit-6', '2024-02-16 10:20:30', 'User Password Changed', 'john.doe'),
('audit-7', '2024-02-16 10:21:15', 'Device Blocked', 'admin'),
('audit-8', '2024-02-16 10:22:00', 'System Settings Modified', 'admin'),
('audit-9', '2024-02-16 10:23:45', 'User Logout', 'john.doe'),
('audit-10', '2024-02-16 10:24:30', 'Plugin Installed', 'admin'),
('audit-11', '2024-02-16 10:25:15', 'Security Policy Updated', 'admin'),
('audit-12', '2024-02-16 10:26:00', 'User Group Created', 'admin'),
('audit-13', '2024-02-16 10:27:30', 'Access Permission Modified', 'admin'),
('audit-14', '2024-02-16 10:28:45', 'System Scan Initiated', 'system'),
('audit-15', '2024-02-16 10:29:20', 'Configuration Exported', 'admin'),
('audit-16', '2024-02-16 10:30:00', 'User Account Created', 'admin'),
('audit-17', '2024-02-16 10:31:15', 'Network Zone Created', 'admin'),
('audit-18', '2024-02-16 10:32:30', 'Device Renamed', 'john.doe'),
('audit-19', '2024-02-16 10:33:45', 'Backup Schedule Modified', 'admin'),
('audit-20', '2024-02-16 10:34:20', 'Alert Rule Created', 'admin'),
('audit-21', '2024-02-16 10:35:00', 'User Role Modified', 'admin'),
('audit-22', '2024-02-16 10:36:15', 'System Update Installed', 'system'),
('audit-23', '2024-02-16 10:37:30', 'Device Group Created', 'admin'),
('audit-24', '2024-02-16 10:38:45', 'Network Policy Modified', 'admin'),
('audit-25', '2024-02-16 10:39:20', 'User Session Terminated', 'system'),
('audit-26', '2024-02-16 10:40:00', 'Configuration Imported', 'admin'),
('audit-27', '2024-02-16 10:41:15', 'SSL Certificate Updated', 'system'),
('audit-28', '2024-02-16 10:42:30', 'Device Firmware Updated', 'admin'),
('audit-29', '2024-02-16 10:43:45', 'Backup Restored', 'admin'),
('audit-30', '2024-02-16 10:44:20', 'User Permission Changed', 'admin'),
('audit-31', '2024-02-16 10:45:00', 'Network Interface Modified', 'admin'),
('audit-32', '2024-02-16 10:46:15', 'System Service Restarted', 'system'),
('audit-33', '2024-02-16 10:47:30', 'Alert Threshold Modified', 'admin'),
('audit-34', '2024-02-16 10:48:45', 'Device Access Revoked', 'admin'),
('audit-35', '2024-02-16 10:49:20', 'Log Settings Modified', 'admin'),
('audit-36', '2024-02-16 10:50:00', 'User Group Deleted', 'admin'),
('audit-37', '2024-02-16 10:51:15', 'Network Route Added', 'admin'),
('audit-38', '2024-02-16 10:52:30', 'System Time Updated', 'system'),
('audit-39', '2024-02-16 10:53:45', 'Device Profile Created', 'admin'),
('audit-40', '2024-02-16 10:54:20', 'Backup Policy Modified', 'admin'),
('audit-41', '2024-02-16 10:55:00', 'User Account Disabled', 'admin'),
('audit-42', '2024-02-16 10:56:15', 'Network Scan Completed', 'system'),
('audit-43', '2024-02-16 10:57:30', 'Device Settings Reset', 'admin'),
('audit-44', '2024-02-16 10:58:45', 'System Maintenance Mode', 'admin'),
('audit-45', '2024-02-16 10:59:20', 'Alert Rule Deleted', 'admin');

-- Insert sample notifications (45 entries)
INSERT INTO notifications (id, message, timestamp, read, type, priority, log_id) VALUES
('notif-1', 'New device connected: MacBook Pro', '2024-02-16 10:19:00', 0, 'info', 'medium', 'log-5'),
('notif-2', 'High CPU usage detected (85%)', '2024-02-16 10:17:30', 0, 'warning', 'high', 'log-3'),
('notif-3', 'System update available', '2024-02-16 10:52:30', 1, 'info', 'low', 'log-38'),
('notif-4', 'Failed to establish database connection', '2024-02-16 10:18:15', 0, 'error', 'high', 'log-4'),
('notif-5', 'Backup completed successfully', '2024-02-16 10:49:20', 1, 'info', 'low', 'log-35'),
('notif-6', 'Unusual network traffic detected', '2024-02-16 10:21:15', 0, 'warning', 'high', 'log-7'),
('notif-7', 'DNS resolution failed', '2024-02-16 10:23:45', 0, 'error', 'medium', 'log-9'),
('notif-8', 'Firewall rules updated', '2024-02-16 10:22:00', 1, 'info', 'medium', 'log-8'),
('notif-9', 'Low disk space warning', '2024-02-16 10:27:30', 0, 'warning', 'medium', 'log-13'),
('notif-10', 'Network scan completed', '2024-02-16 10:28:45', 1, 'info', 'low', 'log-14'),
('notif-11', 'Failed to connect to update server', '2024-02-16 10:30:00', 0, 'error', 'high', 'log-16'),
('notif-12', 'SSL certificate renewed', '2024-02-16 10:31:15', 1, 'info', 'medium', 'log-17'),
('notif-13', 'Multiple failed login attempts', '2024-02-16 10:32:30', 0, 'warning', 'high', 'log-18'),
('notif-14', 'Scheduled maintenance started', '2024-02-16 10:34:20', 1, 'info', 'low', 'log-20'),
('notif-15', 'Service restart failed', '2024-02-16 10:35:00', 0, 'error', 'high', 'log-21'),
('notif-16', 'New security policy applied', '2024-02-16 10:36:15', 1, 'info', 'medium', 'log-22'),
('notif-17', 'Bandwidth threshold exceeded', '2024-02-16 10:38:45', 0, 'warning', 'medium', 'log-24'),
('notif-18', 'Device authentication successful', '2024-02-16 10:39:20', 1, 'info', 'low', 'log-25'),
('notif-19', 'Backup process failed', '2024-02-16 10:41:15', 0, 'error', 'high', 'log-27'),
('notif-20', 'System resources optimized', '2024-02-16 10:42:30', 1, 'info', 'low', 'log-28'),
('notif-21', 'Temperature threshold exceeded', '2024-02-16 10:43:45', 0, 'warning', 'high', 'log-29'),
('notif-22', 'Firewall policy updated', '2024-02-16 10:45:00', 1, 'info', 'medium', 'log-31'),
('notif-23', 'Authentication service unavailable', '2024-02-16 10:46:15', 0, 'error', 'high', 'log-32'),
('notif-24', 'System metrics collected', '2024-02-16 10:47:30', 1, 'info', 'low', 'log-33'),
('notif-25', 'SSL certificate expiring soon', '2024-02-16 10:48:45', 0, 'warning', 'medium', 'log-34'),
('notif-26', 'Backup archive created', '2024-02-16 10:49:20', 1, 'info', 'low', 'log-35'),
('notif-27', 'Network connection lost', '2024-02-16 10:51:15', 0, 'error', 'high', 'log-37'),
('notif-28', 'Resource limit approaching', '2024-02-16 10:53:45', 0, 'warning', 'medium', 'log-39'),
('notif-29', 'Configuration backup created', '2024-02-16 10:54:20', 1, 'info', 'low', 'log-40'),
('notif-30', 'Security scan completed', '2024-02-16 10:55:00', 1, 'info', 'medium', 'log-41'),
('notif-31', 'Critical service stopped', '2024-02-16 10:56:15', 0, 'error', 'high', 'log-42'),
('notif-32', 'Performance metrics updated', '2024-02-16 10:57:30', 1, 'info', 'low', 'log-43'),
('notif-33', 'Suspicious activity detected', '2024-02-16 10:58:45', 0, 'warning', 'high', 'log-44'),
('notif-34', 'System shutdown initiated', '2024-02-16 10:59:20', 1, 'info', 'medium', 'log-45'),
('notif-35', 'Memory usage optimization completed', '2024-02-16 10:25:15', 1, 'info', 'low', 'log-11'),
('notif-36', 'Cache cleared successfully', '2024-02-16 10:29:20', 1, 'info', 'low', 'log-15'),
('notif-37', 'Configuration file parsed', '2024-02-16 10:33:45', 1, 'info', 'low', 'log-19'),
('notif-38', 'Task scheduler initialized', '2024-02-16 10:40:00', 1, 'info', 'low', 'log-26'),
('notif-39', 'Network routes updated', '2024-02-16 10:44:20', 1, 'info', 'medium', 'log-30'),
('notif-40', 'Cache preload completed', '2024-02-16 10:50:00', 1, 'info', 'low', 'log-36'),
('notif-41', 'DHCP lease renewed', '2024-02-16 10:20:30', 1, 'info', 'low', 'log-6'),
('notif-42', 'Log rotation completed', '2024-02-16 10:37:30', 1, 'info', 'low', 'log-23'),
('notif-43', 'System update check completed', '2024-02-16 10:24:30', 1, 'info', 'low', 'log-10'),
('notif-44', 'Backup process initiated', '2024-02-16 10:26:00', 1, 'info', 'medium', 'log-12'),
('notif-45', 'Device firmware update available', '2024-02-16 10:42:30', 0, 'warning', 'medium', 'log-28');